Campaign,Ad group,Keyword,Match type,Status
Search | Dental Implants | South Austin,Implants - Local Intent,dental implants austin,Exact,Paused
Search | Dental Implants | South Austin,Implants - Local Intent,dental implants south austin,Exact,Paused
Search | Dental Implants | South Austin,Implants - Local Intent,dental implant clinic near me,Exact,Paused
Search | Dental Implants | South Austin,Implants - Local Intent,tooth implant austin,Exact,Paused
Search | Dental Implants | South Austin,Implants - Local Intent,dental implants near me,Exact,Paused
Search | Dental Implants | South Austin,Implants - Local Intent,implant dentist austin,Exact,Paused
Search | Dental Implants | South Austin,Implants - Local Intent,dental implant consultation,Phrase,Paused
Search | Dental Implants | South Austin,Implants - Local Intent,dental implants cost austin,Phrase,Paused
Search | Dental Implants | South Austin,Implants - Local Intent,full mouth dental implants,Phrase,Paused
Search | Dental Implants | South Austin,Implants - Local Intent,implant dentist near me,Phrase,Paused
Search | Dental Implants | South Austin,Implants - Local Intent,replace missing tooth austin,Phrase,Paused
