Campaign,Ad group,Keyword,Match type,Status
Search | Dental Implants | South Austin,General Dental Implants,dental implants austin,Exact,Paused
Search | Dental Implants | South Austin,General Dental Implants,dental implants south austin,Exact,Paused
Search | Dental Implants | South Austin,General Dental Implants,dental implants near me,Exact,Paused
Search | Dental Implants | South Austin,General Dental Implants,implant dentist austin,Exact,Paused
Search | Dental Implants | South Austin,General Dental Implants,dental implant clinic near me,Exact,Paused
Search | Dental Implants | South Austin,General Dental Implants,dental implant consultation,Phrase,Paused
Search | Dental Implants | South Austin,General Dental Implants,dental implants cost austin,Phrase,Paused
Search | Dental Implants | South Austin,General Dental Implants,implant dentist near me,Phrase,Paused
Search | Dental Implants | South Austin,Single-Tooth Replacement,tooth implant austin,Exact,Paused
Search | Dental Implants | South Austin,Single-Tooth Replacement,single tooth implant,Exact,Paused
Search | Dental Implants | South Austin,Single-Tooth Replacement,tooth replacement austin,Exact,Paused
Search | Dental Implants | South Austin,Single-Tooth Replacement,replace missing tooth,Phrase,Paused
Search | Dental Implants | South Austin,Single-Tooth Replacement,single tooth implant cost,Phrase,Paused
